200_icons_for_codrops.zip,icons,for,codrops,,,
abacus.svg,abacus,,,,,
about.svg,about,,,,,
accept_database.svg,accept,database,,,,
achievement.svg,achievement,,,,,
Action 2.svg,Action,,,,,
Action.svg,Action,,,,,
Add Image.svg,Add,Image,,,,
Add Ticket.svg,Add,Ticket,,,,
add-1.svg,add,,,,,
add-2.svg,add,,,,,
add-3.svg,add,,,,,
add.svg,add,,,,,
address_book.svg,address,book,,,,
add_column.svg,add,column,,,,
add_database.svg,add,database,,,,
add_image.svg,add,image,,,,
add_row.svg,add,row,,,,
adhesive-tape.svg,adhesive,tape,,,,
advance.svg,advance,,,,,
advertising.svg,advertising,,,,,
after-effects.svg,after,effects,,,,
agenda.svg,agenda,,,,,
ai.svg,ai,,,,,
airplane.svg,airplane,,,,,
alarm-1.svg,alarm,,,,,
alarm-clock-1.svg,alarm,clock,,,,
alarm-clock.svg,alarm,clock,,,,
alarm.svg,alarm,,,,,
alarm_clock.svg,alarm,clock,,,,
albums.svg,albums,,,,,
Alien.svg,Alien,,,,,
alphabetical_sorting_az.svg,alphabetical,sorting,az,,,
alphabetical_sorting_za.svg,alphabetical,sorting,za,,,
analytics.svg,analytics,,,,,
android_os.svg,android,os,,,,
Animation.svg,Animation,,,,,
answers.svg,answers,,,,,
app.svg,app,,,,,
Apple TV.svg,Apple,TV,,,,
apple.svg,apple,,,,,
approval.svg,approval,,,,,
approve.svg,approve,,,,,
aquarium.svg,aquarium,,,,,
archive-1.svg,archive,,,,,
archive-2.svg,archive,,,,,
archive-3.svg,archive,,,,,
archive.svg,archive,,,,,
area_chart.svg,area,chart,,,,
armchair.svg,armchair,,,,,
assistant.svg,assistant,,,,,
Asteroid.svg,Asteroid,,,,,
Astronaut.svg,Astronaut,,,,,
atm.svg,atm,,,,,
attachment.svg,attachment,,,,,
Audience.svg,Audience,,,,,
audio_file.svg,audio,file,,,,
audition.svg,audition,,,,,
automatic.svg,automatic,,,,,
automotive.svg,automotive,,,,,
Av Receiver.svg,Av,Receiver,,,,
avi.svg,avi,,,,,
award.svg,award,,,,,
back.svg,back,,,,,
backup.svg,backup,,,,,
badoo.svg,badoo,,,,,
bad_decision.svg,bad,decision,,,,
bag.svg,bag,,,,,
balance.svg,balance,,,,,
ball.svg,ball,,,,,
Ballet Shoes.svg,Ballet,Shoes,,,,
balloon.svg,balloon,,,,,
bank.svg,bank,,,,,
bar-chart.svg,bar,chart,,,,
bar-stool.svg,bar,stool,,,,
bar.svg,bar,,,,,
barbershop.svg,barbershop,,,,,
barcode.svg,barcode,,,,,
barrier.svg,barrier,,,,,
bar_chart.svg,bar,chart,,,,
basket.svg,basket,,,,,
basketball.svg,basketball,,,,,
bathroom-cabinet.svg,bathroom,cabinet,,,,
battery-1.svg,battery,,,,,
battery-2.svg,battery,,,,,
battery-3.svg,battery,,,,,
battery-4.svg,battery,,,,,
battery-5.svg,battery,,,,,
battery-6.svg,battery,,,,,
battery-7.svg,battery,,,,,
battery-8.svg,battery,,,,,
battery-9.svg,battery,,,,,
battery.svg,battery,,,,,
bbc.svg,bbc,,,,,
beacon.svg,beacon,,,,,
bear.svg,bear,,,,,
bearish.svg,bearish,,,,,
beats.svg,beats,,,,,
bed.svg,bed,,,,,
beer.svg,beer,,,,,
behance.svg,behance,,,,,
bell.svg,bell,,,,,
bench.svg,bench,,,,,
bicycle.svg,bicycle,,,,,
bill.svg,bill,,,,,
binoculars.svg,binoculars,,,,,
biohazard.svg,biohazard,,,,,
biomass.svg,biomass,,,,,
biotech.svg,biotech,,,,,
bird.svg,bird,,,,,
birdhouse.svg,birdhouse,,,,,
birthday-cake.svg,birthday,cake,,,,
blogging.svg,blogging,,,,,
blueprint.svg,blueprint,,,,,
bluetooth-1.svg,bluetooth,,,,,
bluetooth.svg,bluetooth,,,,,
bone.svg,bone,,,,,
book.svg,book,,,,,
bookcase.svg,bookcase,,,,,
bookmark-1.svg,bookmark,,,,,
bookmark.svg,bookmark,,,,,
bottle-rack.svg,bottle,rack,,,,
bow-tie.svg,bow,tie,,,,
box.svg,box,,,,,
bridge.svg,bridge,,,,,
briefcase.svg,briefcase,,,,,
brochette.svg,brochette,,,,,
broken-link.svg,broken,link,,,,
broken_link.svg,broken,link,,,,
browser.svg,browser,,,,,
buck.svg,buck,,,,,
bug.svg,bug,,,,,
bulb.svg,bulb,,,,,
bullish.svg,bullish,,,,,
Bunch Flowers.svg,Bunch,Flowers,,,,
bunk-bed.svg,bunk,bed,,,,
bunny.svg,bunny,,,,,
business-card.svg,business,card,,,,
business.svg,business,,,,,
businessman.svg,businessman,,,,,
businesswoman.svg,businesswoman,,,,,
business_contact.svg,business,contact,,,,
butting_in.svg,butting,in,,,,
cabinet.svg,cabinet,,,,,
Cable Release.svg,Cable,Release,,,,
cable_release.svg,cable,release,,,,
cactus.svg,cactus,,,,,
cage.svg,cage,,,,,
calculator-1.svg,calculator,,,,,
calculator.svg,calculator,,,,,
calendar-1.svg,calendar,,,,,
calendar-2.svg,calendar,,,,,
calendar-3.svg,calendar,,,,,
calendar-4.svg,calendar,,,,,
calendar-5.svg,calendar,,,,,
calendar-6.svg,calendar,,,,,
calendar-7.svg,calendar,,,,,
calendar.svg,calendar,,,,,
callback.svg,callback,,,,,
call_transfer.svg,call,transfer,,,,
Camcorder Pro.svg,Camcorder,Pro,,,,
camcorder.svg,camcorder,,,,,
camcorder_pro.svg,camcorder,pro,,,,
Camera Addon.svg,Camera,Addon,,,,
Camera Automation.svg,Camera,Automation,,,,
Camera Identification.svg,Camera,Identification,,,,
camera.svg,camera,,,,,
camera_addon.svg,camera,addon,,,,
camera_identification.svg,camera,identification,,,,
canape.svg,canape,,,,,
cancel.svg,cancel,,,,,
candle.svg,candle,,,,,
candle_sticks.svg,candle,sticks,,,,
canopy-bed.svg,canopy,bed,,,,
capacitor.svg,capacitor,,,,,
Captain America.svg,Captain,America,,,,
cardio.svg,cardio,,,,,
cart.svg,cart,,,,,
cashier.svg,cashier,,,,,
casino.svg,casino,,,,,
cat.svg,cat,,,,,
cd_logo.svg,cd,logo,,,,
cell_phone.svg,cell,phone,,,,
certificate.svg,certificate,,,,,
chair.svg,chair,,,,,
chaise-longue.svg,chaise,longue,,,,
champagne.svg,champagne,,,,,
change.svg,change,,,,,
changing-table.svg,changing,table,,,,
Channel Mosaic.svg,Channel,Mosaic,,,,
charger.svg,charger,,,,,
charge_battery.svg,charge,battery,,,,
check.svg,check,,,,,
checked-1.svg,checked,,,,,
checked.svg,checked,,,,,
checkmark.svg,checkmark,,,,,
chest-expander.svg,chest,expander,,,,
chest-of-drawers.svg,chest,of,drawers,,,
chest.svg,chest,,,,,
chip.svg,chip,,,,,
chocolate-fountain.svg,chocolate,fountain,,,,
circuit.svg,circuit,,,,,
circular-chart.svg,circular,chart,,,,
circular-diagram.svg,circular,diagram,,,,
clapperboard.svg,clapperboard,,,,,
cleaning.svg,cleaning,,,,,
clear_filters.svg,clear,filters,,,,
clip.svg,clip,,,,,
clipboard.svg,clipboard,,,,,
clipper.svg,clipper,,,,,
clock-1.svg,clock,,,,,
clock.svg,clock,,,,,
Close Up Mode.svg,Close,Up,Mode,,,
close.svg,close,,,,,
closet.svg,closet,,,,,
close_up_mode.svg,close,up,mode,,,
cloth.svg,cloth,,,,,
cloud-computing-1.svg,cloud,computing,,,,
cloud-computing-2.svg,cloud,computing,,,,
cloud-computing-3.svg,cloud,computing,,,,
cloud-computing-4.svg,cloud,computing,,,,
cloud-computing-5.svg,cloud,computing,,,,
cloud-computing.svg,cloud,computing,,,,
cloud.svg,cloud,,,,,
cocktail.svg,cocktail,,,,,
coding.svg,coding,,,,,
coffee-table.svg,coffee,table,,,,
coffee.svg,coffee,,,,,
coin.svg,coin,,,,,
collaboration.svg,collaboration,,,,,
collapse.svg,collapse,,,,,
collar.svg,collar,,,,,
collect.svg,collect,,,,,
combo_chart.svg,combo,chart,,,,
Comedy 2.svg,Comedy,,,,,
Comedy.svg,Comedy,,,,,
Comet.svg,Comet,,,,,
command.svg,command,,,,,
command_line.svg,command,line,,,,
comments.svg,comments,,,,,
Compact Camera.svg,Compact,Camera,,,,
compact-disc-1.svg,compact,disc,,,,
compact-disc-2.svg,compact,disc,,,,
compact-disc.svg,compact,disc,,,,
compact_camera.svg,compact,camera,,,,
compass.svg,compass,,,,,
compose.svg,compose,,,,,
computer.svg,computer,,,,,
conference.svg,conference,,,,,
conference_call.svg,conference,call,,,,
config.svg,config,,,,,
contacts.svg,contacts,,,,,
contract.svg,contract,,,,,
controls-1.svg,controls,,,,,
controls-2.svg,controls,,,,,
controls-3.svg,controls,,,,,
controls-4.svg,controls,,,,,
controls-5.svg,controls,,,,,
controls-6.svg,controls,,,,,
controls-7.svg,controls,,,,,
controls-8.svg,controls,,,,,
controls-9.svg,controls,,,,,
controls.svg,controls,,,,,
cooler.svg,cooler,,,,,
copy-machine.svg,copy,machine,,,,
copyleft.svg,copyleft,,,,,
copyright.svg,copyright,,,,,
couch.svg,couch,,,,,
cow.svg,cow,,,,,
cpu.svg,cpu,,,,,
crab.svg,crab,,,,,
crate.svg,crate,,,,,
crayon.svg,crayon,,,,,
credit-card.svg,credit,card,,,,
Crime.svg,Crime,,,,,
crystal_oscillator.svg,crystal,oscillator,,,,
css.svg,css,,,,,
csv.svg,csv,,,,,
cup.svg,cup,,,,,
cupboard.svg,cupboard,,,,,
cupcake.svg,cupcake,,,,,
currency_exchange.svg,currency,exchange,,,,
cursor.svg,cursor,,,,,
customer.svg,customer,,,,,
customer_support.svg,customer,support,,,,
cutter.svg,cutter,,,,,
dam.svg,dam,,,,,
Dance With Devil.svg,Dance,With,Devil,,,
database-1.svg,database,,,,,
database-2.svg,database,,,,,
database-3.svg,database,,,,,
database.svg,database,,,,,
data_backup.svg,data,backup,,,,
data_configuration.svg,data,configuration,,,,
data_encryption.svg,data,encryption,,,,
data_protection.svg,data,protection,,,,
data_recovery.svg,data,recovery,,,,
data_sheet.svg,data,sheet,,,,
dbf.svg,dbf,,,,,
deal.svg,deal,,,,,
debian.svg,debian,,,,,
debt.svg,debt,,,,,
decision.svg,decision,,,,,
decrease.svg,decrease,,,,,
deer.svg,deer,,,,,
Delete Ticket.svg,Delete,Ticket,,,,
delete_column.svg,delete,column,,,,
delete_database.svg,delete,database,,,,
delete_row.svg,delete,row,,,,
delivery-cart.svg,delivery,cart,,,,
department.svg,department,,,,,
deployment.svg,deployment,,,,,
design.svg,design,,,,,
desk-lamp.svg,desk,lamp,,,,
desk.svg,desk,,,,,
Detective.svg,Detective,,,,,
devaluation.svg,devaluation,,,,,
deviantart.svg,deviantart,,,,,
devices.svg,devices,,,,,
diagram.svg,diagram,,,,,
diamond.svg,diamond,,,,,
dining-table.svg,dining,table,,,,
dinner.svg,dinner,,,,,
diploma.svg,diploma,,,,,
diploma_1.svg,diploma,,,,,
diploma_2.svg,diploma,,,,,
disapprove.svg,disapprove,,,,,
disclaimer.svg,disclaimer,,,,,
diskette.svg,diskette,,,,,
dislike-1.svg,dislike,,,,,
dislike.svg,dislike,,,,,
display.svg,display,,,,,
divide-1.svg,divide,,,,,
divide.svg,divide,,,,,
division.svg,division,,,,,
doc.svg,doc,,,,,
doctor.svg,doctor,,,,,
document.svg,document,,,,,
Documentary.svg,Documentary,,,,,
dog.svg,dog,,,,,
dollar.svg,dollar,,,,,
domain-registration.svg,domain,registration,,,,
donate.svg,donate,,,,,
doughnut_chart.svg,doughnut,chart,,,,
down.svg,down,,,,,
download.svg,download,,,,,
down_left.svg,down,left,,,,
down_right.svg,down,right,,,,
do_not_inhale.svg,do,not,inhale,,,
do_not_insert.svg,do,not,insert,,,
do_not_mix.svg,do,not,mix,,,
dragonfly.svg,dragonfly,,,,,
Drama.svg,Drama,,,,,
drawing-board.svg,drawing,board,,,,
dreamweaver.svg,dreamweaver,,,,,
dresser.svg,dresser,,,,,
dribbble.svg,dribbble,,,,,
drought.svg,drought,,,,,
dumbbell.svg,dumbbell,,,,,
dumbbells.svg,dumbbells,,,,,
dvd_logo.svg,dvd,logo,,,,
dwg.svg,dwg,,,,,
earphones.svg,earphones,,,,,
Edit Image.svg,Edit,Image,,,,
edit-1.svg,edit,,,,,
edit.svg,edit,,,,,
edit_image.svg,edit,image,,,,
eject-1.svg,eject,,,,,
eject.svg,eject,,,,,
electrical_sensor.svg,electrical,sensor,,,,
electrical_threshold.svg,electrical,threshold,,,,
electricity.svg,electricity,,,,,
electronics.svg,electronics,,,,,
electro_devices.svg,electro,devices,,,,
elephant.svg,elephant,,,,,
elizabethan-collar.svg,elizabethan,collar,,,,
email.svg,email,,,,,
employees.svg,employees,,,,,
empty_battery.svg,empty,battery,,,,
empty_filter.svg,empty,filter,,,,
empty_trash.svg,empty,trash,,,,
end_call.svg,end,call,,,,
engineering.svg,engineering,,,,,
entering_heaven_alive.svg,entering,heaven,alive,,,
envelope.svg,envelope,,,,,
equal-1.svg,equal,,,,,
equal-2.svg,equal,,,,,
equal.svg,equal,,,,,
error-404.svg,error,,,,,
error.svg,error,,,,,
exam.svg,exam,,,,,
exchange.svg,exchange,,,,,
exe.svg,exe,,,,,
exit-1.svg,exit,,,,,
exit-2.svg,exit,,,,,
exit.svg,exit,,,,,
expand.svg,expand,,,,,
expired.svg,expired,,,,,
export.svg,export,,,,,
external.svg,external,,,,,
eye-drops.svg,eye,drops,,,,
eye-mask.svg,eye,mask,,,,
eyeglasses.svg,eyeglasses,,,,,
facebook.svg,facebook,,,,,
Facepalm.svg,Facepalm,,,,,
factory.svg,factory,,,,,
factory_breakdown.svg,factory,breakdown,,,,
Family.svg,Family,,,,,
Fantasy.svg,Fantasy,,,,,
faq.svg,faq,,,,,
fast-forward-1.svg,fast,forward,,,,
fast-forward.svg,fast,forward,,,,
fax.svg,fax,,,,,
feedback.svg,feedback,,,,,
feed_in.svg,feed,in,,,,
file-1.svg,file,,,,,
file-2.svg,file,,,,,
file.svg,file,,,,,
filing_cabinet.svg,filing,cabinet,,,,
filled_filter.svg,filled,filter,,,,
Film Noir.svg,Film,Noir,,,,
Film Reel.svg,Film,Reel,,,,
film.svg,film,,,,,
film_reel.svg,film,reel,,,,
fine_print.svg,fine,print,,,,
fingerprint.svg,fingerprint,,,,,
fireworks.svg,fireworks,,,,,
first-aid-kit.svg,first,aid,kit,,,
fish.svg,fish,,,,,
fishbone.svg,fishbone,,,,,
fla.svg,fla,,,,,
flag-1.svg,flag,,,,,
flag-2.svg,flag,,,,,
flag-3.svg,flag,,,,,
flag-4.svg,flag,,,,,
flag.svg,flag,,,,,
flash.svg,flash,,,,,
flash_auto.svg,flash,auto,,,,
flash_off.svg,flash,off,,,,
flash_on.svg,flash,on,,,,
flickr.svg,flickr,,,,,
flow_chart.svg,flow,chart,,,,
focus.svg,focus,,,,,
folder-1.svg,folder,,,,,
folder-10.svg,folder,,,,,
folder-11.svg,folder,,,,,
folder-12.svg,folder,,,,,
folder-13.svg,folder,,,,,
folder-14.svg,folder,,,,,
folder-15.svg,folder,,,,,
folder-16.svg,folder,,,,,
folder-17.svg,folder,,,,,
folder-18.svg,folder,,,,,
folder-19.svg,folder,,,,,
folder-2.svg,folder,,,,,
folder-3.svg,folder,,,,,
folder-4.svg,folder,,,,,
folder-5.svg,folder,,,,,
folder-6.svg,folder,,,,,
folder-7.svg,folder,,,,,
folder-8.svg,folder,,,,,
folder-9.svg,folder,,,,,
folder.svg,folder,,,,,
football.svg,football,,,,,
footprint.svg,footprint,,,,,
forbidden.svg,forbidden,,,,,
fountain-pen.svg,fountain,pen,,,,
fox.svg,fox,,,,,
frame.svg,frame,,,,,
frog.svg,frog,,,,,
full_battery.svg,full,battery,,,,
full_trash.svg,full,trash,,,,
funnel.svg,funnel,,,,,
gallery.svg,gallery,,,,,
game-console.svg,game,console,,,,
game-controller.svg,game,controller,,,,
garbage-1.svg,garbage,,,,,
garbage-2.svg,garbage,,,,,
garbage.svg,garbage,,,,,
garlands.svg,garlands,,,,,
genealogy.svg,genealogy,,,,,
generic_sorting_asc.svg,generic,sorting,asc,,,
generic_sorting_desc.svg,generic,sorting,desc,,,
get-money.svg,get,money,,,,
gift.svg,gift,,,,,
giraffe.svg,giraffe,,,,,
globe.svg,globe,,,,,
good_decision.svg,good,decision,,,,
google-plus.svg,google,plus,,,,
google.svg,google,,,,,
graduate.svg,graduate,,,,,
graduation_cap.svg,graduation,cap,,,,
graph.svg,graph,,,,,
grass.svg,grass,,,,,
Grey.svg,Grey,,,,,
grid.svg,grid,,,,,
grocery.svg,grocery,,,,,
growth.svg,growth,,,,,
guitar.svg,guitar,,,,,
gym-station.svg,gym,station,,,,
gym.svg,gym,,,,,
hall-tree.svg,hall,tree,,,,
hamster.svg,hamster,,,,,
hand grip.svg,hand,grip,,,,
hand.svg,hand,,,,,
hard-disk.svg,hard,disk,,,,
hdmi.svg,hdmi,,,,,
headphones.svg,headphones,,,,,
headset.svg,headset,,,,,
heart.svg,heart,,,,,
heat_map.svg,heat,map,,,,
help.svg,help,,,,,
hide.svg,hide,,,,,
highlighter.svg,highlighter,,,,,
high_battery.svg,high,battery,,,,
high_priority.svg,high,priority,,,,
hippopotamus.svg,hippopotamus,,,,,
Historical.svg,Historical,,,,,
hold.svg,hold,,,,,
home-1.svg,home,,,,,
home-2.svg,home,,,,,
home.svg,home,,,,,
Horror.svg,Horror,,,,,
horse.svg,horse,,,,,
hourglass-1.svg,hourglass,,,,,
hourglass-2.svg,hourglass,,,,,
hourglass-3.svg,hourglass,,,,,
hourglass.svg,hourglass,,,,,
house.svg,house,,,,,
html.svg,html,,,,,
human-resources.svg,human,resources,,,,
ibook.svg,ibook,,,,,
icons8_cup.svg,icons8,cup,,,,
id-card-1.svg,id,card,,,,
id-card-2.svg,id,card,,,,
id-card-3.svg,id,card,,,,
id-card-4.svg,id,card,,,,
id-card-5.svg,id,card,,,,
id-card.svg,id,card,,,,
idea.svg,idea,,,,,
illustrator.svg,illustrator,,,,,
image.svg,image,,,,,
image_file.svg,image,file,,,,
IMDb.svg,IMDb,,,,,
import.svg,import,,,,,
incoming.svg,incoming,,,,,
indesign.svg,indesign,,,,,
industry.svg,industry,,,,,
infinity.svg,infinity,,,,,
info.svg,info,,,,,
injection.svg,injection,,,,,
insert-coin.svg,insert,coin,,,,
inspection.svg,inspection,,,,,
instagram.svg,instagram,,,,,
insurance.svg,insurance,,,,,
Integrated Webcam.svg,Integrated,Webcam,,,,
integrated_webcam.svg,integrated,webcam,,,,
internal.svg,internal,,,,,
internet.svg,internet,,,,,
invest.svg,invest,,,,,
investment.svg,investment,,,,,
invitation.svg,invitation,,,,,
invite.svg,invite,,,,,
in_transit.svg,in,transit,,,,
ipad.svg,ipad,,,,,
iphone.svg,iphone,,,,,
ipod.svg,ipod,,,,,
Iron Man.svg,Iron,Man,,,,
iso.svg,iso,,,,,
jack.svg,jack,,,,,
javascript.svg,javascript,,,,,
jellyfish.svg,jellyfish,,,,,
joystick.svg,joystick,,,,,
jpg.svg,jpg,,,,,
json-file.svg,json,file,,,,
justice-scale.svg,justice,scale,,,,
justice.svg,justice,,,,,
kennel.svg,kennel,,,,,
kettlebell.svg,kettlebell,,,,,
key.svg,key,,,,,
keywords.svg,keywords,,,,,
kindle.svg,kindle,,,,,
kitchen-cabinet.svg,kitchen,cabinet,,,,
koala.svg,koala,,,,,
ladybug.svg,ladybug,,,,,
lamp.svg,lamp,,,,,
landscape.svg,landscape,,,,,
laptop.svg,laptop,,,,,
laptops.svg,laptops,,,,,
lastfm.svg,lastfm,,,,,
layers-1.svg,layers,,,,,
layers.svg,layers,,,,,
leave.svg,leave,,,,,
left.svg,left,,,,,
left_down.svg,left,down,,,,
left_down2.svg,left,down2,,,,
left_up.svg,left,up,,,,
left_up2.svg,left,up2,,,,
letter.svg,letter,,,,,
library.svg,library,,,,,
light-bulb.svg,light,bulb,,,,
light_at_the_end_of_tunnel.svg,light,at,the,end,of,tunnel
like-1.svg,like,,,,,
like-2.svg,like,,,,,
like.svg,like,,,,,
like_placeholder.svg,like,placeholder,,,,
line_chart.svg,line,chart,,,,
link.svg,link,,,,,
linkedin.svg,linkedin,,,,,
linux.svg,linux,,,,,
lion.svg,lion,,,,,
lisa.svg,lisa,,,,,
list-1.svg,list,,,,,
list.svg,list,,,,,
Living Room.svg,Living,Room,,,,
lock-1.svg,lock,,,,,
lock.svg,lock,,,,,
locked-1.svg,locked,,,,,
locked-2.svg,locked,,,,,
locked-3.svg,locked,,,,,
locked-4.svg,locked,,,,,
locked-5.svg,locked,,,,,
locked-6.svg,locked,,,,,
locked.svg,locked,,,,,
lock_landscape.svg,lock,landscape,,,,
lock_portrait.svg,lock,portrait,,,,
login.svg,login,,,,,
loss.svg,loss,,,,,
louse.svg,louse,,,,,
lowboy.svg,lowboy,,,,,
low_battery.svg,low,battery,,,,
low_priority.svg,low,priority,,,,
lung.svg,lung,,,,,
macbook.svg,macbook,,,,,
magic-wand.svg,magic,wand,,,,
magnet-1.svg,magnet,,,,,
magnet-2.svg,magnet,,,,,
magnet.svg,magnet,,,,,
make_decision.svg,make,decision,,,,
manager.svg,manager,,,,,
map-1.svg,map,,,,,
map-2.svg,map,,,,,
map-location.svg,map,location,,,,
map.svg,map,,,,,
marker.svg,marker,,,,,
Martian.svg,Martian,,,,,
mat.svg,mat,,,,,
measuring-tape.svg,measuring,tape,,,,
medal.svg,medal,,,,,
medicine-ball.svg,medicine,ball,,,,
medicine.svg,medicine,,,,,
medium_priority.svg,medium,priority,,,,
meeting.svg,meeting,,,,,
megaphone-1.svg,megaphone,,,,,
megaphone.svg,megaphone,,,,,
menu-1.svg,menu,,,,,
menu-2.svg,menu,,,,,
menu-3.svg,menu,,,,,
menu-4.svg,menu,,,,,
menu.svg,menu,,,,,
mic.svg,mic,,,,,
microphone-1.svg,microphone,,,,,
microphone.svg,microphone,,,,,
microscope.svg,microscope,,,,,
middle_battery.svg,middle,battery,,,,
milk.svg,milk,,,,,
mind_map.svg,mind,map,,,,
minus-1.svg,minus,,,,,
minus.svg,minus,,,,,
mirror-ball.svg,mirror,ball,,,,
missed_call.svg,missed,call,,,,
mms.svg,mms,,,,,
money-bag.svg,money,bag,,,,
money.svg,money,,,,,
money_transfer.svg,money,transfer,,,,
monitor.svg,monitor,,,,,
monitoring.svg,monitoring,,,,,
monkey.svg,monkey,,,,,
Moon.svg,Moon,,,,,
more-1.svg,more,,,,,
more-2.svg,more,,,,,
more.svg,more,,,,,
motherboard.svg,motherboard,,,,,
mountains.svg,mountains,,,,,
mouse.svg,mouse,,,,,
mp3.svg,mp3,,,,,
mp4.svg,mp4,,,,,
Multiple Cameras.svg,Multiple,Cameras,,,,
multiple_cameras.svg,multiple,cameras,,,,
multiple_devices.svg,multiple,devices,,,,
multiple_inputs.svg,multiple,inputs,,,,
multiple_smartphones.svg,multiple,smartphones,,,,
multiply-1.svg,multiply,,,,,
multiply.svg,multiply,,,,,
murphy-bed.svg,murphy,bed,,,,
music-player-1.svg,music,player,,,,
music-player-2.svg,music,player,,,,
music-player-3.svg,music,player,,,,
music-player.svg,music,player,,,,
music.svg,music,,,,,
Musical.svg,Musical,,,,,
mute.svg,mute,,,,,
muted.svg,muted,,,,,
navigation-1.svg,navigation,,,,,
navigation.svg,navigation,,,,,
negative_dynamic.svg,negative,dynamic,,,,
network.svg,network,,,,,
neutral_decision.svg,neutral,decision,,,,
neutral_trading.svg,neutral,trading,,,,
news.svg,news,,,,,
newspaper.svg,newspaper,,,,,
next.svg,next,,,,,
nfc_sign.svg,nfc,sign,,,,
Night Landscape.svg,Night,Landscape,,,,
Night Portrait.svg,Night,Portrait,,,,
nightstand.svg,nightstand,,,,,
night_landscape.svg,night,landscape,,,,
night_portrait.svg,night,portrait,,,,
Ninja Turtle.svg,Ninja,Turtle,,,,
No Idea.svg,No,Idea,,,,
nook.svg,nook,,,,,
note.svg,note,,,,,
notebook-1.svg,notebook,,,,,
notebook-2.svg,notebook,,,,,
notebook-3.svg,notebook,,,,,
notebook-4.svg,notebook,,,,,
notebook-5.svg,notebook,,,,,
notebook.svg,notebook,,,,,
notepad-1.svg,notepad,,,,,
notepad-2.svg,notepad,,,,,
notepad.svg,notepad,,,,,
notes.svg,notes,,,,,
notification.svg,notification,,,,,
Novel.svg,Novel,,,,,
no_idea.svg,no,idea,,,,
no_video.svg,no,video,,,,
numerical_sorting_12.svg,numerical,sorting,,,,
numerical_sorting_21.svg,numerical,sorting,,,,
office-chair.svg,office,chair,,,,
office.svg,office,,,,,
ok.svg,ok,,,,,
Old Time Camera.svg,Old,Time,Camera,,,
old_time_camera.svg,old,time,camera,,,
online-shop.svg,online,shop,,,,
online_support.svg,online,support,,,,
open-book.svg,open,book,,,,
open.svg,open,,,,,
opened_folder.svg,opened,folder,,,,
Opera Glasses.svg,Opera,Glasses,,,,
organization.svg,organization,,,,,
org_unit.svg,org,unit,,,,
ottoman.svg,ottoman,,,,,
overtime.svg,overtime,,,,,
owl.svg,owl,,,,,
pack.svg,pack,,,,,
package.svg,package,,,,,
paid.svg,paid,,,,,
palm-tree.svg,palm,tree,,,,
pamela.svg,pamela,,,,,
panda.svg,panda,,,,,
panel.svg,panel,,,,,
panorama.svg,panorama,,,,,
paper-plane-1.svg,paper,plane,,,,
paper-plane.svg,paper,plane,,,,
paperclip.svg,paperclip,,,,,
parallel_tasks.svg,parallel,tasks,,,,
party-blower.svg,party,blower,,,,
party-hat.svg,party,hat,,,,
pause-1.svg,pause,,,,,
pause.svg,pause,,,,,
paw.svg,paw,,,,,
pay-per-click.svg,pay,per,click,,,
pdf.svg,pdf,,,,,
pen-container.svg,pen,container,,,,
pen.svg,pen,,,,,
pencil.svg,pencil,,,,,
pendrive.svg,pendrive,,,,,
percent-1.svg,percent,,,,,
percent.svg,percent,,,,,
perspective.svg,perspective,,,,,
pet food.svg,pet,food,,,,
phone.svg,phone,,,,,
phonebook.svg,phonebook,,,,,
phone_android.svg,phone,android,,,,
photo-camera-1.svg,photo,camera,,,,
photo-camera.svg,photo,camera,,,,
photos.svg,photos,,,,,
photoshop.svg,photoshop,,,,,
photo_reel.svg,photo,reel,,,,
picture-1.svg,picture,,,,,
picture-2.svg,picture,,,,,
picture.svg,picture,,,,,
pie-chart.svg,pie,chart,,,,
pie_chart.svg,pie,chart,,,,
pig.svg,pig,,,,,
piggy-bank.svg,piggy,bank,,,,
pills.svg,pills,,,,,
pin.svg,pin,,,,,
pinterest.svg,pinterest,,,,,
placeholder-1.svg,placeholder,,,,,
placeholder-2.svg,placeholder,,,,,
placeholder-3.svg,placeholder,,,,,
placeholder.svg,placeholder,,,,,
placeholders.svg,placeholders,,,,,
plane.svg,plane,,,,,
Planet.svg,Planet,,,,,
planner.svg,planner,,,,,
plant.svg,plant,,,,,
plaster.svg,plaster,,,,,
play-button-1.svg,play,button,,,,
play-button.svg,play,button,,,,
plug.svg,plug,,,,,
plus.svg,plus,,,,,
png.svg,png,,,,,
Podium With Audience.svg,Podium,With,Audience,,,
Podium With Speaker.svg,Podium,With,Speaker,,,
podium.svg,podium,,,,,
podium_without_speaker.svg,podium,without,speaker,,,
podium_with_audience.svg,podium,with,audience,,,
podium_with_speaker.svg,podium,with,speaker,,,
point-of-service.svg,point,of,service,,,
polaroid.svg,polaroid,,,,,
poor.svg,poor,,,,,
Portrait Mode.svg,Portrait,Mode,,,,
portrait_mode.svg,portrait,mode,,,,
positive_dynamic.svg,positive,dynamic,,,,
post-it.svg,post,it,,,,
power.svg,power,,,,,
ppt.svg,ppt,,,,,
Predator.svg,Predator,,,,,
prelude.svg,prelude,,,,,
premiere.svg,premiere,,,,,
presentation.svg,presentation,,,,,
previous.svg,previous,,,,,
price-tag.svg,price,tag,,,,
print.svg,print,,,,,
printer.svg,printer,,,,,
privacy.svg,privacy,,,,,
process.svg,process,,,,,
profit.svg,profit,,,,,
projector.svg,projector,,,,,
psd.svg,psd,,,,,
punching-bag.svg,punching,bag,,,,
punching-ball.svg,punching,ball,,,,
push-pin.svg,push,pin,,,,
puzzle.svg,puzzle,,,,,
pyramid-chart.svg,pyramid,chart,,,,
quality.svg,quality,,,,,
questions.svg,questions,,,,,
rabbit.svg,rabbit,,,,,
rack.svg,rack,,,,,
radar.svg,radar,,,,,
radar_plot.svg,radar,plot,,,,
ranking.svg,ranking,,,,,
rating.svg,rating,,,,,
ratings.svg,ratings,,,,,
reading.svg,reading,,,,,
reading_ebook.svg,reading,ebook,,,,
receipt.svg,receipt,,,,,
record.svg,record,,,,,
reddit.svg,reddit,,,,,
redo.svg,redo,,,,,
refresh.svg,refresh,,,,,
registered_trademark.svg,registered,trademark,,,,
Remove Image.svg,Remove,Image,,,,
remove_image.svg,remove,image,,,,
repeat-1.svg,repeat,,,,,
repeat.svg,repeat,,,,,
research.svg,research,,,,,
responsive.svg,responsive,,,,,
restart.svg,restart,,,,,
restaurant.svg,restaurant,,,,,
resume.svg,resume,,,,,
retirement.svg,retirement,,,,,
reuse.svg,reuse,,,,,
rewind-1.svg,rewind,,,,,
rewind-time.svg,rewind,time,,,,
rewind.svg,rewind,,,,,
rhino.svg,rhino,,,,,
rich.svg,rich,,,,,
right.svg,right,,,,,
right_down.svg,right,down,,,,
right_down2.svg,right,down2,,,,
right_up.svg,right,up,,,,
right_up2.svg,right,up2,,,,
rings.svg,rings,,,,,
rocket.svg,rocket,,,,,
rocking-chair.svg,rocking,chair,,,,
rooster.svg,rooster,,,,,
Rotate Camera.svg,Rotate,Camera,,,,
rotate_camera.svg,rotate,camera,,,,
rotate_to_landscape.svg,rotate,to,landscape,,,
rotate_to_portrait.svg,rotate,to,portrait,,,
route.svg,route,,,,,
router.svg,router,,,,,
rtf.svg,rtf,,,,,
ruler.svg,ruler,,,,,
rules.svg,rules,,,,,
running.svg,running,,,,,
safe.svg,safe,,,,,
safebox.svg,safebox,,,,,
sales_performance.svg,sales,performance,,,,
save.svg,save,,,,,
scale.svg,scale,,,,,
scatter_plot.svg,scatter,plot,,,,
schedule.svg,schedule,,,,,
scheme.svg,scheme,,,,,
Sci Fi.svg,Sci,Fi,,,,
scissors.svg,scissors,,,,,
scorpion.svg,scorpion,,,,,
Scream.svg,Scream,,,,,
screen.svg,screen,,,,,
SDTV.svg,SDTV,,,,,
seal.svg,seal,,,,,
search-1.svg,search,,,,,
search-engine.svg,search,engine,,,,
search.svg,search,,,,,
seat.svg,seat,,,,,
selfie.svg,selfie,,,,,
self_service_kiosk.svg,self,service,kiosk,,,
send.svg,send,,,,,
serial_tasks.svg,serial,tasks,,,,
server-1.svg,server,,,,,
server-2.svg,server,,,,,
server-3.svg,server,,,,,
server.svg,server,,,,,
services.svg,services,,,,,
service_mark.svg,service,mark,,,,
settings-1.svg,settings,,,,,
settings-2.svg,settings,,,,,
settings-3.svg,settings,,,,,
settings-4.svg,settings,,,,,
settings-5.svg,settings,,,,,
settings-6.svg,settings,,,,,
settings-7.svg,settings,,,,,
settings-8.svg,settings,,,,,
settings-9.svg,settings,,,,,
settings.svg,settings,,,,,
share-1.svg,share,,,,,
share-2.svg,share,,,,,
share.svg,share,,,,,
shared-folder.svg,shared,folder,,,,
sharing-archives.svg,sharing,archives,,,,
sharpener.svg,sharpener,,,,,
shield.svg,shield,,,,,
shipped.svg,shipped,,,,,
shoe.svg,shoe,,,,,
shop.svg,shop,,,,,
shopping bag.svg,shopping,bag,,,,
shopping-bag.svg,shopping,bag,,,,
Short.svg,Short,,,,,
shorts.svg,shorts,,,,,
shuffle-1.svg,shuffle,,,,,
shuffle.svg,shuffle,,,,,
shutdown.svg,shutdown,,,,,
sideboard.svg,sideboard,,,,,
sign-1.svg,sign,,,,,
sign.svg,sign,,,,,
signature.svg,signature,,,,,
sim_card.svg,sim,card,,,,
sim_card_chip.svg,sim,card,chip,,,
sitemap.svg,sitemap,,,,,
skills.svg,skills,,,,,
skip.svg,skip,,,,,
skipping-rope.svg,skipping,rope,,,,
SLR Back Side.svg,SLR,Back,Side,,,
slr_back_side.svg,slr,back,side,,,
smartphone-1.svg,smartphone,,,,,
smartphone-10.svg,smartphone,,,,,
smartphone-11.svg,smartphone,,,,,
smartphone-2.svg,smartphone,,,,,
smartphone-3.svg,smartphone,,,,,
smartphone-4.svg,smartphone,,,,,
smartphone-5.svg,smartphone,,,,,
smartphone-6.svg,smartphone,,,,,
smartphone-7.svg,smartphone,,,,,
smartphone-8.svg,smartphone,,,,,
smartphone-9.svg,smartphone,,,,,
smartphone.svg,smartphone,,,,,
smartphone_tablet.svg,smartphone,tablet,,,,
smartwatch.svg,smartwatch,,,,,
smashing-freebie-ballicons-icon-set.zip,smashing,freebie,ballicons,icon,set,
sms.svg,sms,,,,,
social-media.svg,social,media,,,,
sofa-bed.svg,sofa,bed,,,,
sofa.svg,sofa,,,,,
sound-cable.svg,sound,cable,,,,
sound-card.svg,sound,card,,,,
soundcloud.svg,soundcloud,,,,,
sound_recording_copyright.svg,sound,recording,copyright,,,
speaker-1.svg,speaker,,,,,
speaker-2.svg,speaker,,,,,
speaker-3.svg,speaker,,,,,
speaker-4.svg,speaker,,,,,
speaker-5.svg,speaker,,,,,
speaker-6.svg,speaker,,,,,
speaker-7.svg,speaker,,,,,
speaker-8.svg,speaker,,,,,
speaker.svg,speaker,,,,,
speakers.svg,speakers,,,,,
speech-bubbles.svg,speech,bubbles,,,,
speed.svg,speed,,,,,
speedometer.svg,speedometer,,,,,
sport-bag.svg,sport,bag,,,,
Sport.svg,Sport,,,,,
Sports Mode.svg,Sports,Mode,,,,
sports_mode.svg,sports,mode,,,,
spotlight.svg,spotlight,,,,,
sql.svg,sql,,,,,
ssd.svg,ssd,,,,,
Stack of Photos.svg,Stack,of,Photos,,,
stack_of_photos.svg,stack,of,photos,,,
stage.svg,stage,,,,,
stamp.svg,stamp,,,,,
stand.svg,stand,,,,,
star-1.svg,star,,,,,
star.svg,star,,,,,
starfish.svg,starfish,,,,,
Starred Ticket.svg,Starred,Ticket,,,,
start.svg,start,,,,,
statistics.svg,statistics,,,,,
stats.svg,stats,,,,,
steam.svg,steam,,,,,
step.svg,step,,,,,
Steve Jobs.svg,Steve,Jobs,,,,
stones.svg,stones,,,,,
stool.svg,stool,,,,,
stop-1.svg,stop,,,,,
stop.svg,stop,,,,,
stopwatch-1.svg,stopwatch,,,,,
stopwatch-2.svg,stopwatch,,,,,
stopwatch-3.svg,stopwatch,,,,,
stopwatch-4.svg,stopwatch,,,,,
stopwatch.svg,stopwatch,,,,,
store.svg,store,,,,,
strategy.svg,strategy,,,,,
street-1.svg,street,,,,,
street.svg,street,,,,,
strongbox.svg,strongbox,,,,,
stumbleupon.svg,stumbleupon,,,,,
substract-1.svg,substract,,,,,
substract.svg,substract,,,,,
success.svg,success,,,,,
suit.svg,suit,,,,,
suitcase.svg,suitcase,,,,,
summer-essentials-icon-set.zip,summer,essentials,icon,set,,
sun.svg,sun,,,,,
support.svg,support,,,,,
survey.svg,survey,,,,,
svg.svg,svg,,,,,
swarm.svg,swarm,,,,,
Switch Camera.svg,Switch,Camera,,,,
switch-1.svg,switch,,,,,
switch-2.svg,switch,,,,,
switch-3.svg,switch,,,,,
switch-4.svg,switch,,,,,
switch-5.svg,switch,,,,,
switch-6.svg,switch,,,,,
switch-7.svg,switch,,,,,
switch.svg,switch,,,,,
switch_camera.svg,switch,camera,,,,
synchronize.svg,synchronize,,,,,
table.svg,table,,,,,
tablet.svg,tablet,,,,,
tablet_android.svg,tablet,android,,,,
tabs-1.svg,tabs,,,,,
tabs.svg,tabs,,,,,
tactics.svg,tactics,,,,,
tags.svg,tags,,,,,
tank-top.svg,tank,top,,,,
target.svg,target,,,,,
targeting.svg,targeting,,,,,
tasks.svg,tasks,,,,,
tea.svg,tea,,,,,
telephone.svg,telephone,,,,,
television-1.svg,television,,,,,
television.svg,television,,,,,
template.svg,template,,,,,
Theatre Mask.svg,Theatre,Mask,,,,
Thriller.svg,Thriller,,,,,
ticket.svg,ticket,,,,,
tie.svg,tie,,,,,
tiger.svg,tiger,,,,,
time-is-money.svg,time,is,money,,,
time-passing.svg,time,passing,,,,
time.svg,time,,,,,
timeline.svg,timeline,,,,,
todo_list.svg,todo,list,,,,
tools.svg,tools,,,,,
top.svg,top,,,,,
touchscreen_smartphone.svg,touchscreen,smartphone,,,,
towel.svg,towel,,,,,
trademark.svg,trademark,,,,,
translation.svg,translation,,,,,
trash.svg,trash,,,,,
tree.svg,tree,,,,,
trees.svg,trees,,,,,
tree_structure.svg,tree,structure,,,,
trellis.svg,trellis,,,,,
trolley.svg,trolley,,,,,
trophy.svg,trophy,,,,,
tuffet.svg,tuffet,,,,,
tumblr.svg,tumblr,,,,,
turtle.svg,turtle,,,,,
TV.svg,TV,,,,,
tweet.svg,tweet,,,,,
twitter.svg,twitter,,,,,
two_smartphones.svg,two,smartphones,,,,
txt.svg,txt,,,,,
typewriter.svg,typewriter,,,,,
umbrella.svg,umbrella,,,,,
Undergo Insomnia.svg,Undergo,Insomnia,,,,
undo.svg,undo,,,,,
uniform.svg,uniform,,,,,
unlink.svg,unlink,,,,,
unlock.svg,unlock,,,,,
unlocked-1.svg,unlocked,,,,,
unlocked-2.svg,unlocked,,,,,
unlocked.svg,unlocked,,,,,
up.svg,up,,,,,
upload.svg,upload,,,,,
up_left.svg,up,left,,,,
up_right.svg,up,right,,,,
usb.svg,usb,,,,,
user-1.svg,user,,,,,
user-2.svg,user,,,,,
user-3.svg,user,,,,,
user-4.svg,user,,,,,
user-5.svg,user,,,,,
user-6.svg,user,,,,,
user-7.svg,user,,,,,
user.svg,user,,,,,
users-1.svg,users,,,,,
users.svg,users,,,,,
veterinary.svg,veterinary,,,,,
Video File.svg,Video,File,,,,
Video Projector.svg,Video,Projector,,,,
video-camera-1.svg,video,camera,,,,
video-camera.svg,video,camera,,,,
video-card.svg,video,card,,,,
video-player-1.svg,video,player,,,,
video-player-2.svg,video,player,,,,
video-player.svg,video,player,,,,
video.svg,video,,,,,
video_call.svg,video,call,,,,
video_file.svg,video,file,,,,
video_projector.svg,video,projector,,,,
view-1.svg,view,,,,,
view-2.svg,view,,,,,
view.svg,view,,,,,
view_details.svg,view,details,,,,
vinyl.svg,vinyl,,,,,
vip.svg,vip,,,,,
viral-marketing.svg,viral,marketing,,,,
vk.svg,vk,,,,,
vlc.svg,vlc,,,,,
voicemail.svg,voicemail,,,,,
voice_presentation.svg,voice,presentation,,,,
volume-control-1.svg,volume,control,,,,
volume-control.svg,volume,control,,,,
walkman.svg,walkman,,,,,
wallet.svg,wallet,,,,,
wardrobe.svg,wardrobe,,,,,
warning.svg,warning,,,,,
Watch TV In Bed.svg,Watch,TV,In,Bed,,
watch.svg,watch,,,,,
water.svg,water,,,,,
watercolor.svg,watercolor,,,,,
webcam.svg,webcam,,,,,
weight.svg,weight,,,,,
Western.svg,Western,,,,,
wheel.svg,wheel,,,,,
whistle.svg,whistle,,,,,
wi-fi_logo.svg,wifi,logo,,,,
Widescreen TV.svg,Widescreen,TV,,,,
wifi-1.svg,wifi,,,,,
wifi.svg,wifi,,,,,
wikipedia.svg,wikipedia,,,,,
windows-1.svg,windows,,,,,
windows-2.svg,windows,,,,,
windows-3.svg,windows,,,,,
windows-4.svg,windows,,,,,
windows.svg,windows,,,,,
wireless-internet.svg,wireless,internet,,,,
workflow.svg,workflow,,,,,
worldwide-1.svg,worldwide,,,,,
worldwide.svg,worldwide,,,,,
xls.svg,xls,,,,,
xml.svg,xml,,,,,
yen.svg,yen,,,,,
yoga-ball.svg,yoga,ball,,,,
zip.svg,zip,,,,,
zoom-in.svg,zoom,in,,,,
zoom-out.svg,zoom,out,,,,
